{"max": 999.76, "min": 0.96, "avg": 500.15795999999995, "sum": 250078.97999999998, "std": 296.6395328020836}