{"max": 8.0, "min": 1.0, "avg": 3.5833333333333335, "sum": 43.0, "std": 2.0999338613923584}