{"max": 5.0, "min": 1.0, "avg": 3.0291523713420783, "sum": 9005.669999999998, "std": 1.1642645585602396}