{"sum": -11024.869000000022, "min": -20.514, "max": -0.276, "avg": -5.512434500000011}