{"max": 5.0, "min": 0.1, "avg": 2.5282282282282287, "sum": 2525.7000000000003, "std": 1.4895444628041938}