{"sum": 516795.0, "avr": 537.7679500520292, "sumMD": 17172.0, "avrMD": 553.9354838709677, "sumSD": 17260.0, "avrSD": 556.7741935483871, "max": 998.0, "min": 100.0}