{"max": 499913.0, "min": 10016.0, "avg": 252486.90987482615, "sum": 907690441.0, "std": 141940.46741860933}